instance_id,problem_statement,problem_statement_variant,hints,repo,repo_access,license,repo_path_or_url,fail_to_pass,pass_to_pass,language,docker_image_url,docker_file,base_commit,golden_commit,test_commit,run_script,task_category,repo_category,before_repo_set_cmd,version,container_mem,container_memswap,container_network_needed,scenario,sonnet_successes,sonnet_avg_toolcalls,sonnet_avg_loc_changed,sonnet_avg_files_changed,sonnet_avg_num_turns,gemini_successes,gemini_avg_toolcalls,gemini_avg_loc_changed,gemini_avg_files_changed,gemini_avg_num_turns
php-standard-library__php-standard-library__740,"# Task: Add composable IO handle decorators to php-standard-library

**instance_id:** `php-standard-library__php-standard-library__740`
**language:** PHP
**task_type:** feature
**task_category:** io

---

## Problem Statement

Title: Add composable IO handle decorators for `ReadHandleInterface`, `WriteHandleInterface`, and `ReadWriteHandleInterface`

Current behavior:
- The `Psl\IO` package lacks reusable decorators for composing stream handles.
- Equivalent wrapper logic is duplicated ad hoc across internal packages.
- There is no standard way to concatenate readers, cap read length, mirror writes, or provide `/dev/null`-style sink handles.

Reproduction steps:
1. Open `base/packages/io/src/Psl/IO/`.
2. Note that classes such as `ConcatReadHandle`, `FixedLengthReadHandle`, `BoundedReadHandle`, `TruncatedReadHandle`, `TeeWriteHandle`, `JoinedReadWriteHandle`, `SinkReadHandle`, `SinkWriteHandle`, and `SinkReadWriteHandle` are missing.
3. Attempt to compose a bounded read pipeline or tee writes using only existing public classes; this is impossible without custom local wrappers.

Expected behavior:
Add composable decorator classes under `base/packages/io/src/Psl/IO/`:
- `ConcatReadHandle`: read from two handles sequentially.
- `FixedLengthReadHandle`: read exactly N bytes or fail on premature EOF.
- `BoundedReadHandle`: cap total bytes and detect overflow.
- `TruncatedReadHandle`: silently report EOF at a byte limit.
- `TeeWriteHandle`: mirror writes to two write handles.
- `JoinedReadWriteHandle`: join a read handle and write handle into one read-write handle.
- `SinkReadHandle`, `SinkWriteHandle`, `SinkReadWriteHandle`: no-op discard handles.

Files to create/modify:
- `packages/io/src/Psl/IO/ConcatReadHandle.php`
- `packages/io/src/Psl/IO/FixedLengthReadHandle.php`
- `packages/io/src/Psl/IO/BoundedReadHandle.php`
- `packages/io/src/Psl/IO/TruncatedReadHandle.php`
- `packages/io/src/Psl/IO/TeeWriteHandle.php`
- `packages/io/src/Psl/IO/JoinedReadWriteHandle.php`
- `packages/io/src/Psl/IO/SinkReadHandle.php`
- `packages/io/src/Psl/IO/SinkWriteHandle.php`
- `packages/io/src/Psl/IO/SinkReadWriteHandle.php`
- `packages/io/tests/fixture/NonCloseableWriteHandle.php`
- `packages/io/tests/fixture/SlowWriteHandle.php`
- `packages/io/tests/unit/ConcatReadHandleTest.php`
- `packages/io/tests/unit/FixedLengthReadHandleTest.php`
- `packages/io/tests/unit/BoundedReadHandleTest.php`
- `packages/io/tests/unit/TruncatedReadHandleTest.php`
- `packages/io/tests/unit/TeeWriteHandleTest.php`
- `packages/io/tests/unit/JoinedReadWriteHandleTest.php`
- `packages/io/tests/unit/SinkReadHandleTest.php`
- `packages/io/tests/unit/SinkWriteHandleTest.php`
- `packages/io/tests/unit/SinkReadWriteHandleTest.php`

Files NOT to touch:
- `packages/http-client`
- `packages/message`
- Existing public IO handle classes unrelated to this task

Constraints:
- PHP 8.4 syntax and types.
- Implement `Psl\IO` interfaces and convenience traits used by existing handles.
- Close underlying handles that implement `CloseHandleInterface`; throw `AlreadyClosedException` after close.
- Do not break existing public APIs or tests.

---

## Hints

Key files and code locations:
- `packages/io/src/Psl/IO/ReadHandleInterface.php`
- `packages/io/src/Psl/IO/WriteHandleInterface.php`
- `packages/io/src/Psl/IO/ReadHandleConvenienceMethodsTrait.php`
- `packages/io/src/Psl/IO/WriteHandleConvenienceMethodsTrait.php`
- `packages/io/src/Psl/IO/MemoryHandle.php`
- `packages/io/src/Psl/IO/IterableReadHandle.php`

---

## Test Files

**Fail-to-Pass** (fail on base, pass after the solution):
- `packages/io/tests/unit/ConcatReadHandleTest.php`
- `packages/io/tests/unit/FixedLengthReadHandleTest.php`
- `packages/io/tests/unit/BoundedReadHandleTest.php`
- `packages/io/tests/unit/TruncatedReadHandleTest.php`
- `packages/io/tests/unit/TeeWriteHandleTest.php`
- `packages/io/tests/unit/JoinedReadWriteHandleTest.php`
- `packages/io/tests/unit/SinkReadHandleTest.php`
- `packages/io/tests/unit/SinkWriteHandleTest.php`
- `packages/io/tests/unit/SinkReadWriteHandleTest.php`

**Pass-to-Pass** (pass before and after):
- `packages/io/tests/unit/StreamTest.php`
- `packages/io/tests/unit/SpoolTest.php`
- `packages/io/tests/unit/ReaderTest.php`
- `packages/io/tests/unit/PipeTest.php`
- `packages/io/tests/unit/MemoryHandleTest.php`
- `packages/io/tests/unit/IterableReadHandleTest.php`
- `packages/io/tests/unit/CopyTest.php`
- `packages/io/tests/unit/CopyBidirectionalTest.php`

---

## Commits

| SHA | Type | Message |
|-----|------|---------|
| `9dcb6be` | base | php-standard-library snapshot before PR #740 |
| `7e8958d59bfe23a6778f00efa672dbc64b92e1bc` | [sol] | add io handle decorators, test fixtures, and autoload wiring |
| `3cb1dcf0cf113e1f935156f010e0e372dacec336` | [f2p] | add fail-to-pass io handle tests |
| `<meta-sha>` | [meta] | metadata.json + task docs |","We need to add reusable wrapper classes for IO stream handles in the PHP Standard Library. Currently there is no standard way to concatenate two readers, limit how many bytes can be read, mirror writes to two destinations, or create a no-op /dev/null handle. These patterns are reimplemented ad hoc in different parts of the codebase. Add a set of composable decorator classes under packages/io/src/Psl/IO/ that implement the existing ReadHandleInterface, WriteHandleInterface, and ReadWriteHandleInterface contracts. Each decorator must be final, handle close/closed-state correctly, and throw AlreadyClosedException after close. Include comprehensive unit tests covering normal operation, edge cases (empty handles, zero-length reads, premature EOF), and close semantics.","Key files and code locations:
- packages/io/src/Psl/IO/ReadHandleInterface.php
- packages/io/src/Psl/IO/WriteHandleInterface.php
- packages/io/src/Psl/IO/ReadHandleConvenienceMethodsTrait.php
- packages/io/src/Psl/IO/WriteHandleConvenienceMethodsTrait.php
- packages/io/src/Psl/IO/MemoryHandle.php
- packages/io/src/Psl/IO/IterableReadHandle.php",php-standard-library,public,MIT,https://github.com/php-standard-library/php-standard-library,"packages/io/tests/unit/BoundedReadHandleTest.php,packages/io/tests/unit/ConcatReadHandleTest.php,packages/io/tests/unit/FixedLengthReadHandleTest.php,packages/io/tests/unit/JoinedReadWriteHandleTest.php,packages/io/tests/unit/SinkReadHandleTest.php,packages/io/tests/unit/SinkReadWriteHandleTest.php,packages/io/tests/unit/SinkWriteHandleTest.php,packages/io/tests/unit/TeeWriteHandleTest.php,packages/io/tests/unit/TruncatedReadHandleTest.php","packages/io/tests/unit/StreamTest.php,packages/io/tests/unit/SpoolTest.php,packages/io/tests/unit/ReaderTest.php,packages/io/tests/unit/PipeTest.php,packages/io/tests/unit/MemoryHandleTest.php,packages/io/tests/unit/IterableReadHandleTest.php,packages/io/tests/unit/CopyTest.php,packages/io/tests/unit/CopyBidirectionalTest.php",PHP,,"FROM php:8.4-cli

SHELL [""/bin/bash"", ""-o"", ""pipefail"", ""-c""]

WORKDIR /app

ARG BASE_COMMIT=9dcb6be
LABEL org.opencontainers.image.revision=""${BASE_COMMIT}""

RUN apt-get update && apt-get install -y --no-install-recommends     git     ca-certificates     curl     jq     ripgrep     unzip     libzip-dev     libicu-dev     libbrotli-dev     libssl-dev wget && docker-php-ext-install bcmath intl zip && pecl install brotli && docker-php-ext-enable brotli sodium && rm -rf /var/lib/apt/lists/* /tmp/pear

RUN check_min() {       tool=$1 ; min=$2 ; actual=$3 ; ok=$(awk ""BEGIN{ split(\""$actual\"",a,\"".\"") ; split(\""$min\"",m,\"".\"") ; for(i=1 ; i<=3 ; i++){ if(a[i]+0>m[i]+0){print 1 ; exit} if(a[i]+0<m[i]+0){print 0 ; exit} } ; print 1}"") ; if [ ""$ok"" -ne 1 ] ; then         echo ""FAIL: $tool $actual < minimum $min"" >&2 ; exit 1 ; fi ; echo ""OK: $tool $actual >= $min"" ; } ; check_min git 2.25.0 ""$(git --version | awk '{print $3}')"" && check_min curl 7.70.0 ""$(curl --version | head -1 | awk '{print $2}')"" && check_min jq 1.6 ""$(jq --version | sed 's/^jq-//')"" && check_min rg 13.0.0 ""$(rg --version | head -1 | awk '{print $2}')""

COPY --from=composer:latest /usr/bin/composer /usr/bin/composer

COPY . .

ENV COMPOSER_MEMORY_LIMIT=-1

RUN composer install --no-interaction --no-progress

CMD php -dmemory_limit=-1 ./vendor/bin/phpunit -c config/phpunit.xml.dist
",50a2c5c9b3e824f9cbb3dc8028dbc99d7102eca4,ba52616adf432e4a15d3568bcac8872d3347a050,c7eabd1186ac455208fbd17631253e929befae77,"#!/usr/bin/env bash
set -euo pipefail

SCRIPT_DIR=""$(cd ""$(dirname ""${BASH_SOURCE[0]}"")"" && pwd)""
REPO_ROOT=""$(cd ""$SCRIPT_DIR/.."" && pwd)""
cd ""$REPO_ROOT""

DOCKERFILE=""$SCRIPT_DIR/Dockerfile.agen-runtime""

die()  { echo ""Error: $*"" >&2; exit 1; }
info() { echo ""$*"" >&2; }

# ── Parse test command from Dockerfile.agen-runtime (CMD or ENTRYPOINT) ──

parse_instruction() {
    local raw=""$1""
    if [[ ""$raw"" == \[* ]]; then
        local inner=""${raw#\[}""
        inner=""${inner%\]}""
        local result="""" elem=""""
        while IFS= read -r -d ',' elem || [[ -n ""$elem"" ]]; do
            elem=$(echo ""$elem"" | sed 's/^[[:space:]]*""//; s/""[[:space:]]*$//')
            [[ -z ""$elem"" ]] && continue
            if [[ ""$elem"" == *"" ""* ]]; then
                elem=""${elem//\\/\\\\}""
                elem=""${elem//\""/\\\""}""
                result+=""\""${elem}\"" ""
            else
                result+=""$elem ""
            fi
        done <<< ""$inner""
        echo ""$result"" | sed 's/ *$//'
    else
        echo ""$raw""
    fi
}

extract_cmd() {
    local cmd_line="""" ep_line=""""
    while IFS= read -r line || [[ -n ""$line"" ]]; do
        local trimmed=""${line#""${line%%[![:space:]]*}""}""
        case ""${trimmed}"" in
            CMD\ *|cmd\ *)
                cmd_line=""${trimmed:4}""; cmd_line=""${cmd_line#""${cmd_line%%[![:space:]]*}""}"" ;;
            ENTRYPOINT\ *|entrypoint\ *)
                ep_line=""${trimmed:11}""; ep_line=""${ep_line#""${ep_line%%[![:space:]]*}""}"" ;;
        esac
    done < ""$DOCKERFILE""

    if [[ -n ""$cmd_line"" ]]; then
        local cmd; cmd=$(parse_instruction ""$cmd_line"")
        if [[ -n ""$ep_line"" ]]; then
            local ep; ep=$(parse_instruction ""$ep_line"")
            echo ""${ep} ${cmd}""
        else
            echo ""$cmd""
        fi
    elif [[ -n ""$ep_line"" ]]; then
        parse_instruction ""$ep_line""
    else
        die ""No CMD or ENTRYPOINT found in $DOCKERFILE""
    fi
}

# ── Resolve yarn/npm/pnpm script aliases ─────────────────────────

resolve_script() {
    local cmd=""$1"" script_name=""""

    if [[ ""$cmd"" =~ ^(yarn|pnpm)[[:space:]]+([a-zA-Z][^[:space:]]*) ]]; then
        script_name=""${BASH_REMATCH[2]}""
    elif [[ ""$cmd"" =~ ^(npm|pnpm)[[:space:]]+run[[:space:]]+([^[:space:]]+) ]]; then
        script_name=""${BASH_REMATCH[2]}""
    elif [[ ""$cmd"" =~ ^npm[[:space:]]+test ]]; then
        script_name=""test""
    fi

    if [[ -z ""$script_name"" ]]; then echo ""$cmd""; return; fi
    if [[ ! -f ""package.json"" ]]; then echo ""$cmd""; return; fi

    local resolved=""""
    if command -v node &>/dev/null; then
        resolved=$(node -e ""
            try { console.log(require('./package.json').scripts['$script_name'] || '') }
            catch(e) { console.log('') }
        "" 2>/dev/null) || true
    elif command -v python3 &>/dev/null; then
        resolved=$(python3 -c ""
import json
print(json.load(open('package.json')).get('scripts',{}).get('$script_name',''))
"" 2>/dev/null) || true
    fi

    [[ -n ""$resolved"" ]] && echo ""$resolved"" || echo ""$cmd""
}

# ── Detect the underlying test runner ─────────────────────────────

detect_runner() {
    local cmd=""$1""
    case ""$cmd"" in
        pytest*|*"" pytest ""*|python*-m*pytest*)   echo ""pytest"" ;;
        *vitest*)                                  echo ""vitest"" ;;
        *jest*)                                    echo ""jest"" ;;
        *mocha*)                                   echo ""mocha"" ;;
        go\ test*)                                 echo ""go"" ;;
        cargo\ test*|cargo\ nextest*)              echo ""cargo"" ;;
        mvn\ *|./mvnw\ *)                         echo ""maven"" ;;
        *gradle*test*|*gradlew*test*)              echo ""gradle"" ;;
        *rspec*)                                   echo ""rspec"" ;;
        *phpunit*)                                 echo ""phpunit"" ;;
        dotnet\ test*)                             echo ""dotnet"" ;;
        mix\ test*)                                echo ""mix"" ;;
        swift\ test*)                              echo ""swift"" ;;
        sbt*test*)                                 echo ""sbt"" ;;
        *nose2*)                                   echo ""nose2"" ;;
        ruby*-I*|ruby*test*|rake\ test*)           echo ""ruby"" ;;
        *ctest*|*"" ctest ""*)                       echo ""ctest"" ;;
        meson\ test*|*""meson test""*)               echo ""meson"" ;;
        *)                                         echo ""unknown"" ;;
    esac
}

# ── Strip coverage flags (prevent coverage gates from failing eval) ──

strip_coverage_flags() {
    local runner=""$1"" cmd=""$2""
    case ""$runner"" in
        pytest)   cmd=$(echo ""$cmd"" | sed -E 's/ --cov[=-][^ ]*//g; s/ --cov\b//g; s/ --no-cov-on-fail//g') ;;
        jest|vitest) cmd=$(echo ""$cmd"" | sed -E 's/ --coverage[^ ]*//g') ;;
        go)       cmd=$(echo ""$cmd"" | sed -E 's/ -cover\b//g; s/ -coverprofile[= ][^ ]*//g; s/ -coverpkg[= ][^ ]*//g') ;;
        phpunit)  cmd=$(echo ""$cmd"" | sed -E 's/ --coverage-[^ ]*//g') ;;
        mix)      cmd=$(echo ""$cmd"" | sed -E 's/ --cover\b//g') ;;
        dotnet)   cmd=$(echo ""$cmd"" | sed -E 's/ --collect:[^ ]*//g; s| /p:CollectCoverage=[^ ]*||g; s| /p:Threshold=[^ ]*||g') ;;
    esac
    echo ""$cmd""
}

# ── JVM: convert file path to fully-qualified class name ──────────

path_to_classname() {
    local f=""$1""
    for prefix in src/test/java/ src/test/kotlin/ src/test/scala/ \
                  src/main/java/ src/main/kotlin/ src/main/scala/ \
                  src/it/java/ src/it/kotlin/ src/it/scala/; do
        f=""${f#$prefix}""
    done
    for ext in .java .kt .scala .groovy .kts; do
        f=""${f%$ext}""
    done
    echo ""${f//\//.}""
}

# ── Construct the test command for a specific set of files ────────

build_targeted_cmd() {
    local runner=""$1"" full_cmd=""$2""
    shift 2
    local files=(""$@"")

    case ""$runner"" in
        pytest)   echo ""pytest ${files[*]}"" ;;
        vitest)   echo ""vitest run ${files[*]}"" ;;
        jest)     echo ""npx jest --watchAll=false ${files[*]}"" ;;
        mocha)    echo ""npx mocha ${files[*]}"" ;;
        nose2)    echo ""nose2 ${files[*]}"" ;;
        mix)      echo ""mix test ${files[*]}"" ;;
        ruby)     echo ""ruby ${files[*]}"" ;;
        rspec)
            if command -v bundle &>/dev/null; then
                echo ""bundle exec rspec ${files[*]}""
            else
                echo ""rspec ${files[*]}""
            fi
            ;;
        phpunit)
            if [[ -f ""./vendor/bin/phpunit"" ]]; then
                echo ""./vendor/bin/phpunit ${files[*]}""
            else
                echo ""phpunit ${files[*]}""
            fi
            ;;
        go)
            declare -A _go_dirs=()
            for f in ""${files[@]}""; do
                _go_dirs[""./$(dirname ""$f"")""]=1
            done
            echo ""go test ${!_go_dirs[*]}""
            ;;
        cargo)
            local is_workspace=0
            if [[ -f ""Cargo.toml"" ]] && grep -q '^\[workspace\]' ""Cargo.toml"" 2>/dev/null; then
                is_workspace=1
            fi

            # Preserve the base command with all its flags (--features, --release, etc.)
            # by stripping only the trailing ""-- <args>"" portion.
            local base_cmd
            base_cmd=""$(echo ""$full_cmd"" | sed 's/[[:space:]]\+--[[:space:]]\+.*$//')""

            declare -A _cargo_seen=()
            local cmds=()
            for f in ""${files[@]}""; do
                local pkg="""" pkg_dir=""""
                if (( is_workspace )); then
                    local d
                    d=""$(dirname ""$f"")""
                    while [[ -n ""$d"" && ""$d"" != ""."" ]]; do
                        if [[ -f ""$d/Cargo.toml"" ]] && grep -q '^\[package\]' ""$d/Cargo.toml"" 2>/dev/null; then
                            pkg=$(sed -n '/^\[package\]/,/^\[/{s/^name[[:space:]]*=[[:space:]]*""\([^""]*\)""/\1/p;}' ""$d/Cargo.toml"" 2>/dev/null | head -1)
                            pkg_dir=""$d""
                            break
                        fi
                        d=""$(dirname ""$d"")""
                    done
                fi
                local rel=""$f""
                [[ -n ""$pkg_dir"" ]] && rel=""${f#$pkg_dir/}""
                local flag=""""
                if [[ ""$rel"" == tests/* ]]; then
                    flag=""--test $(basename ""$f"" .rs)""
                else
                    flag=""--lib""
                fi
                local key=""${pkg:-__root__}::${flag}""
                if [[ -z ""${_cargo_seen[$key]:-}"" ]]; then
                    _cargo_seen[""$key""]=1
                    local pfx=""""
                    [[ -n ""$pkg"" ]] && pfx=""-p $pkg ""
                    cmds+=(""${base_cmd} ${pfx}${flag}"")
                fi
            done
            local result=""""
            for ((i=0; i<${#cmds[@]}; i++)); do
                (( i > 0 )) && result+="" && ""
                result+=""${cmds[$i]}""
            done
            echo ""$result""
            ;;
        maven)
            local classes=()
            for f in ""${files[@]}""; do classes+=(""$(path_to_classname ""$f"")""); done
            local joined; joined=""$(IFS=,; echo ""${classes[*]}"")""
            [[ -f ""./mvnw"" ]] && echo ""./mvnw test -Dtest=${joined}"" || echo ""mvn test -Dtest=${joined}""
            ;;
        gradle)
            local args=""""
            for f in ""${files[@]}""; do args+="" --tests $(path_to_classname ""$f"")""; done
            [[ -f ""./gradlew"" ]] && echo ""./gradlew test${args}"" || echo ""gradle test${args}""
            ;;
        dotnet)
            local parts=()
            for f in ""${files[@]}""; do parts+=(""FullyQualifiedName~$(basename ""$f"" .cs)""); done
            local filter; filter=""$(IFS='|'; echo ""${parts[*]}"")""
            echo ""dotnet test --filter \""${filter}\""""
            ;;
        swift)
            local names=()
            for f in ""${files[@]}""; do names+=(""$(basename ""$f"" .swift)""); done
            local joined; joined=""$(IFS=,; echo ""${names[*]}"")""
            echo ""swift test --filter ${joined}""
            ;;
        sbt)
            local names=()
            for f in ""${files[@]}""; do names+=(""$(path_to_classname ""$f"")""); done
            echo ""sbt 'testOnly ${names[*]}'""
            ;;
        ctest)
            # Subset by CTest regex (-R): join basenames (strip common source extensions).
            local rx="""" b f
            for f in ""${files[@]}""; do
                b=$(basename ""$f"")
                b=""${b%.cpp}""; b=""${b%.cc}""; b=""${b%.cxx}""; b=""${b%.c}""; b=""${b%.hpp}""
                [[ -n ""$rx"" ]] && rx+=""|""
                rx+=""$b""
            done
            if [[ ""$full_cmd"" =~ ^[[:space:]]*ctest(.*)$ ]]; then
                echo ""ctest -R $(printf '%q' ""$rx"")${BASH_REMATCH[1]}""
            else
                echo ""ctest -R $(printf '%q' ""$rx"") --test-dir build --output-on-failure""
            fi
            ;;
        meson)
            # Best-effort: meson test accepts test names as positional args (project-defined).
            local names=()
            for f in ""${files[@]}""; do names+=(""$(basename ""$f"" .cpp)""); done
            echo ""meson test -C builddir --print-errorlogs ${names[*]}""
            ;;
        *)
            info ""Warning: unknown runner — appending files to original command""
            echo ""${full_cmd} ${files[*]}""
            ;;
    esac
}

# ── Main ──────────────────────────────────────────────────────────

[[ ! -f ""$DOCKERFILE"" ]] && die ""$DOCKERFILE not found in $(pwd)""

FULL_CMD=$(extract_cmd)
RESOLVED=$(resolve_script ""$FULL_CMD"")
RUNNER=$(detect_runner ""$RESOLVED"")

if [[ $# -eq 0 || -z ""${1:-}"" ]]; then
    FULL_CMD=$(strip_coverage_flags ""$RUNNER"" ""$FULL_CMD"")
    info ""=== Full test suite ===""
    info ""Command: $FULL_CMD""
    info ""========================""
    eval ""$FULL_CMD""
else
    IFS=',' read -ra TEST_FILES <<< ""$1""

    TARGETED=$(build_targeted_cmd ""$RUNNER"" ""$FULL_CMD"" ""${TEST_FILES[@]}"")
    TARGETED=$(strip_coverage_flags ""$RUNNER"" ""$TARGETED"")

    info ""=== Targeted tests ===""
    info ""Runner:  $RUNNER""
    info ""Files:   ${TEST_FILES[*]}""
    info ""Command: $TARGETED""
    info ""========================""
    eval ""$TARGETED""
fi
",io,standard-library,git reset --hard 50a2c5c9b3e824f9cbb3dc8028dbc99d7102eca4,1,4g,4g,FALSE,standard,,,,,,,,,,
